Name,Role,Year,Discipline,LinkedIn Profile URL
Yasi Movahedi,Co-Chair,3rd,civil,https://www.linkedin.com/in/yasi-movahedi-b45a89291/
Natalie McGillicuddy,Co-Chair,3rd,mech ivey dual,https://www.linkedin.com/in/natalie-mcgillicuddy/
Shrey Mahida,VP Competitions,3,Mech,https://www.linkedin.com/in/shreymahida/
Violet Angellotti,VP Competitions,3rd,mech ai dual,https://www.linkedin.com/in/violet-angellotti-574945159/
Estela Katchen,VP Competitions,3,Tron Ivey ,https://www.linkedin.com/in/estela-katchen
Turner Reucassel,VP Technical,3rd,software ivey dual,https://www.linkedin.com/in/turner-reucassel-658554301/
Arshan Shareef,VP Technical,3rd,software,https://www.linkedin.com/in/arshan-shareef-mohammed-4ab94b330/
Kevin McGillicuddy,VP Finance,3rd,civil ivey dual,https://www.linkedin.com/in/kevinmcgillicuddy/
Bridget Shin,VP Publications,4,MIT,www.linkedin.com/in/bridget-shin-6502722a4 
Michael Amos,VP Sponsorship,3,Mech,www.linkedin.com/in/michael-amos-50b69917b
King Zhang,VP Sponsorship,2,software ivey dual,https://www.linkedin.com/in/king-zhang-491829270/
Olga Duvnjak,VP Logistics,4th,mech bio-med dual,https://www.linkedin.com/in/olga-duvnjak-9585801b4/
Kaitlyn Ivanoff,VP Logistics,3rd,mech,https://www.linkedin.com/in/kaitlyn-ivanoff-92ab51352/